<?xml version="1.0" encoding="UTF-8"?>
<!DOCTYPE suite SYSTEM "https://testng.org/testng-1.0.dtd">
<suite name="Suite" verbose="5">

	<parameter name="browserName" value="Chrome"></parameter>
	<parameter name="URL" value="https://login.salesforce.com/"></parameter>
	<test thread-count="5" name="Test">
		<classes>
			<class name="testcases.CreateIndividual" />
			<class name="testcases.EditIndividual" />
			<class name="testcases.DeleteIndividual" />
		</classes>
	</test> <!-- Test -->
</suite> <!-- Suite -->
