<?xml version="1.0" encoding="UTF-8"?>
<!DOCTYPE suite SYSTEM "https://testng.org/testng-1.0.dtd">
<suite name="Suite" verbose="5">
<parameter name="url" value="http://leaftaps.com/opentaps/control/main"/>
<parameter name="username" value="Demosalesmanager"/>
<parameter name="password" value="crmsfa"/>
  <test thread-count="5" name="Test">
    <classes>
      <class name="week6.day2.leaftapdynamicdpxl.CreateLead"/>
      <class name="week6.day2.leaftapdynamicdpxl.EditLead"/>
      <class name="week6.day2.leaftapdynamicdpxl.DeleteLead"/>
      <class name="week6.day2.leaftapdynamicdpxl.DuplicateLead"/>
      <class name="week6.day2.leaftapdynamicdpxl.MergeLead"/>
           
      
    </classes>
  </test> <!-- Test -->
</suite> <!-- Suite -->
