<?xml version="1.0" encoding="UTF-8"?>
<!DOCTYPE suite SYSTEM "https://testng.org/testng-1.0.dtd">
<suite parallel="tests" name="Suite">

	<test thread-count="5" parallel="tests" name="Test">
		<parameter name="browser" value="chrome"></parameter>
		<classes>
			<class name="testcases.Login" />
		</classes>
	</test> <!-- Test -->

	<test thread-count="5" parallel="tests" name="Test1">
		<parameter name="browser" value="edge"></parameter>
		<classes>
			<class name="testcases.Login" />
		</classes>
	</test> <!-- Test -->

</suite> <!-- Suite -->
