<?xml version="1.0" encoding="UTF-8"?>
<!DOCTYPE suite SYSTEM "https://testng.org/testng-1.0.dtd">
<suite thread-count="2" parallel="tests" name="Suite">
  <test thread-count="2" parallel="tests" name="Test1">
  <parameter name="browser" value ="chrome"></parameter>
    <classes>
      <class name="testcases01.Login"/>
    </classes>
  </test> <!-- Test -->
  
  <test thread-count="2" parallel="tests" name="Test2">
  <parameter name="browser" value ="edge"></parameter>
    <classes>
      <class name="testcases01.CreateNewIncident"/>
    </classes>
  </test> <!-- Test -->
  
<!--   <test thread-count="2" parallel="tests" name="Test3"> -->
<!--   <parameter name="browser" value ="chrome"></parameter> -->
<!--     <classes> -->
<!--       <class name="testcases01.UpdateExistingIncident"/> -->
<!--     </classes> -->
<!--   </test> Test -->
  
<!--   <test thread-count="2" parallel="tests" name="Test4"> -->
<!--   <parameter name="browser" value ="edge"></parameter> -->
<!--     <classes> -->
<!--       <class name="testcases01.DeleteIncident"/> -->
<!--     </classes> -->
<!--   </test> Test -->
  
  
  
</suite> <!-- Suite -->
