<?xml version="1.0" encoding="UTF-8"?>
<!DOCTYPE suite SYSTEM "https://testng.org/testng-1.0.dtd">
<suite parallel="tests" name="Suite" verbose="5">

<!--   <test thread-count="5" parallel="tests" name="Test1"> -->
<!--   <parameter name="browser" value="chrome"></parameter> -->
<!--     <classes> -->
<!--       <class name="testcases.Login"/> -->
    
<!--     </classes> -->
<!--   </test> Test -->
  
  
  <test thread-count="5" parallel="tests" name="Test2">
  <parameter name="browser" value="edge"></parameter>
    <classes>
      <class name="testcases.CreateLead"/>
    </classes>
  </test><!-- Test -->
  
   <test thread-count="5" parallel="tests" name="Test3">
  <parameter name="browser" value="chrome"></parameter>
    <classes>
      <class name="testcases.EditLead"/>
    </classes>
  </test> <!-- Test -->
  
<!--   <test thread-count="5" parallel="tests" name="Test4"> -->
<!--   <parameter name="browser" value="edge"></parameter> -->
<!--     <classes> -->
<!--       <class name="testcases.DuplicateLead"/> -->
<!--     </classes> -->
<!--   </test> Test -->
  
<!--   <test thread-count="5" parallel="tests" name="Test5"> -->
<!--   <parameter name="browser" value="edge"></parameter> -->
<!--     <classes> -->
<!--       <class name="testcases.MergeLead"/> -->
<!--     </classes> -->
<!--   </test>Test -->
  
<!--   <test thread-count="5" parallel="tests" name="Test6"> -->
<!--   <parameter name="browser" value="edge"></parameter> -->
<!--     <classes> -->
<!--       <class name="testcases.DeleteLead"/> -->
<!--     </classes> -->
<!--   </test>Test -->
  
</suite> <!-- Suite -->
